State,Sector,Indicator,Source of finance,Value
All India,Rural,Percentage Distribution of Different Sources of Finance From Which Maximum Amount was Financed by the Household for New House/flat*,Any other  source,40.4
All India,Rural,Percentage Distribution of Different Sources of Finance From Which Maximum Amount was Financed by the Household for New House/flat*,Bank,22.8
All India,Rural,Percentage Distribution of Different Sources of Finance From Which Maximum Amount was Financed by the Household for New House/flat*,Own finance,35.5
All India,Rural,Percentage Distribution of Different Sources of Finance From Which Maximum Amount was Financed by the Household for New House/flat*,Private finance,1.2
All India,Rural,Percentage Distribution of Different Sources of Finance From Which Maximum Amount was Financed by the Household for New House/flat*,Total,100
All India,Urban,Percentage Distribution of Different Sources of Finance From Which Maximum Amount was Financed by the Household for New House/flat*,Any other  source,21.2
All India,Urban,Percentage Distribution of Different Sources of Finance From Which Maximum Amount was Financed by the Household for New House/flat*,Bank,41.9
All India,Urban,Percentage Distribution of Different Sources of Finance From Which Maximum Amount was Financed by the Household for New House/flat*,Own finance,35.1
All India,Urban,Percentage Distribution of Different Sources of Finance From Which Maximum Amount was Financed by the Household for New House/flat*,Private finance,1.8
All India,Urban,Percentage Distribution of Different Sources of Finance From Which Maximum Amount was Financed by the Household for New House/flat*,Total,100
All India,All,Percentage Distribution of Different Sources of Finance From Which Maximum Amount was Financed by the Household for New House/flat*,Any other  source,35.3
All India,All,Percentage Distribution of Different Sources of Finance From Which Maximum Amount was Financed by the Household for New House/flat*,Bank,28
All India,All,Percentage Distribution of Different Sources of Finance From Which Maximum Amount was Financed by the Household for New House/flat*,Own finance,35.4
All India,All,Percentage Distribution of Different Sources of Finance From Which Maximum Amount was Financed by the Household for New House/flat*,Private finance,1.4
All India,All,Percentage Distribution of Different Sources of Finance From Which Maximum Amount was Financed by the Household for New House/flat*,Total,100
Andaman & N. Island,Rural,Percentage Distribution of Different Sources of Finance From Which Maximum Amount was Financed by the Household for New House/flat*,Any other  source,21.7
Andaman & N. Island,Rural,Percentage Distribution of Different Sources of Finance From Which Maximum Amount was Financed by the Household for New House/flat*,Bank,19.7
Andaman & N. Island,Rural,Percentage Distribution of Different Sources of Finance From Which Maximum Amount was Financed by the Household for New House/flat*,Own finance,56.8
Andaman & N. Island,Rural,Percentage Distribution of Different Sources of Finance From Which Maximum Amount was Financed by the Household for New House/flat*,Private finance,1.9
Andaman & N. Island,Rural,Percentage Distribution of Different Sources of Finance From Which Maximum Amount was Financed by the Household for New House/flat*,Total,100
Andaman & N. Island,Urban,Percentage Distribution of Different Sources of Finance From Which Maximum Amount was Financed by the Household for New House/flat*,Any other  source,8.5
Andaman & N. Island,Urban,Percentage Distribution of Different Sources of Finance From Which Maximum Amount was Financed by the Household for New House/flat*,Bank,61.1
Andaman & N. Island,Urban,Percentage Distribution of Different Sources of Finance From Which Maximum Amount was Financed by the Household for New House/flat*,Own finance,30.4
Andaman & N. Island,Urban,Percentage Distribution of Different Sources of Finance From Which Maximum Amount was Financed by the Household for New House/flat*,Private finance,0
Andaman & N. Island,Urban,Percentage Distribution of Different Sources of Finance From Which Maximum Amount was Financed by the Household for New House/flat*,Total,100
Andaman & N. Island,All,Percentage Distribution of Different Sources of Finance From Which Maximum Amount was Financed by the Household for New House/flat*,Any other  source,16.6
Andaman & N. Island,All,Percentage Distribution of Different Sources of Finance From Which Maximum Amount was Financed by the Household for New House/flat*,Bank,35.7
Andaman & N. Island,All,Percentage Distribution of Different Sources of Finance From Which Maximum Amount was Financed by the Household for New House/flat*,Own finance,46.6
Andaman & N. Island,All,Percentage Distribution of Different Sources of Finance From Which Maximum Amount was Financed by the Household for New House/flat*,Private finance,1.1
Andaman & N. Island,All,Percentage Distribution of Different Sources of Finance From Which Maximum Amount was Financed by the Household for New House/flat*,Total,100
Andhra Pradesh,Rural,Percentage Distribution of Different Sources of Finance From Which Maximum Amount was Financed by the Household for New House/flat*,Any other  source,48.4
Andhra Pradesh,Rural,Percentage Distribution of Different Sources of Finance From Which Maximum Amount was Financed by the Household for New House/flat*,Bank,19.4
Andhra Pradesh,Rural,Percentage Distribution of Different Sources of Finance From Which Maximum Amount was Financed by the Household for New House/flat*,Own finance,28.8
Andhra Pradesh,Rural,Percentage Distribution of Different Sources of Finance From Which Maximum Amount was Financed by the Household for New House/flat*,Private finance,3.5
Andhra Pradesh,Rural,Percentage Distribution of Different Sources of Finance From Which Maximum Amount was Financed by the Household for New House/flat*,Total,100
Andhra Pradesh,Urban,Percentage Distribution of Different Sources of Finance From Which Maximum Amount was Financed by the Household for New House/flat*,Any other  source,33.4
Andhra Pradesh,Urban,Percentage Distribution of Different Sources of Finance From Which Maximum Amount was Financed by the Household for New House/flat*,Bank,35.5
Andhra Pradesh,Urban,Percentage Distribution of Different Sources of Finance From Which Maximum Amount was Financed by the Household for New House/flat*,Own finance,29.1
Andhra Pradesh,Urban,Percentage Distribution of Different Sources of Finance From Which Maximum Amount was Financed by the Household for New House/flat*,Private finance,2.1
Andhra Pradesh,Urban,Percentage Distribution of Different Sources of Finance From Which Maximum Amount was Financed by the Household for New House/flat*,Total,100
Andhra Pradesh,All,Percentage Distribution of Different Sources of Finance From Which Maximum Amount was Financed by the Household for New House/flat*,Any other  source,44.2
Andhra Pradesh,All,Percentage Distribution of Different Sources of Finance From Which Maximum Amount was Financed by the Household for New House/flat*,Bank,23.9
Andhra Pradesh,All,Percentage Distribution of Different Sources of Finance From Which Maximum Amount was Financed by the Household for New House/flat*,Own finance,28.8
Andhra Pradesh,All,Percentage Distribution of Different Sources of Finance From Which Maximum Amount was Financed by the Household for New House/flat*,Private finance,3.1
Andhra Pradesh,All,Percentage Distribution of Different Sources of Finance From Which Maximum Amount was Financed by the Household for New House/flat*,Total,100
Arunachal Pradesh,Rural,Percentage Distribution of Different Sources of Finance From Which Maximum Amount was Financed by the Household for New House/flat*,Any other  source,4.3
Arunachal Pradesh,Rural,Percentage Distribution of Different Sources of Finance From Which Maximum Amount was Financed by the Household for New House/flat*,Bank,3.1
Arunachal Pradesh,Rural,Percentage Distribution of Different Sources of Finance From Which Maximum Amount was Financed by the Household for New House/flat*,Own finance,91.9
Arunachal Pradesh,Rural,Percentage Distribution of Different Sources of Finance From Which Maximum Amount was Financed by the Household for New House/flat*,Private finance,0.7
Arunachal Pradesh,Rural,Percentage Distribution of Different Sources of Finance From Which Maximum Amount was Financed by the Household for New House/flat*,Total,100
Arunachal Pradesh,Urban,Percentage Distribution of Different Sources of Finance From Which Maximum Amount was Financed by the Household for New House/flat*,Any other  source,6.8
Arunachal Pradesh,Urban,Percentage Distribution of Different Sources of Finance From Which Maximum Amount was Financed by the Household for New House/flat*,Bank,9.5
Arunachal Pradesh,Urban,Percentage Distribution of Different Sources of Finance From Which Maximum Amount was Financed by the Household for New House/flat*,Own finance,83
Arunachal Pradesh,Urban,Percentage Distribution of Different Sources of Finance From Which Maximum Amount was Financed by the Household for New House/flat*,Private finance,0.7
Arunachal Pradesh,Urban,Percentage Distribution of Different Sources of Finance From Which Maximum Amount was Financed by the Household for New House/flat*,Total,100
Arunachal Pradesh,All,Percentage Distribution of Different Sources of Finance From Which Maximum Amount was Financed by the Household for New House/flat*,Any other  source,4.8
Arunachal Pradesh,All,Percentage Distribution of Different Sources of Finance From Which Maximum Amount was Financed by the Household for New House/flat*,Bank,4.6
Arunachal Pradesh,All,Percentage Distribution of Different Sources of Finance From Which Maximum Amount was Financed by the Household for New House/flat*,Own finance,89.9
Arunachal Pradesh,All,Percentage Distribution of Different Sources of Finance From Which Maximum Amount was Financed by the Household for New House/flat*,Private finance,0.7
Arunachal Pradesh,All,Percentage Distribution of Different Sources of Finance From Which Maximum Amount was Financed by the Household for New House/flat*,Total,100
Assam,Rural,Percentage Distribution of Different Sources of Finance From Which Maximum Amount was Financed by the Household for New House/flat*,Any other  source,30.1
Assam,Rural,Percentage Distribution of Different Sources of Finance From Which Maximum Amount was Financed by the Household for New House/flat*,Bank,4.8
Assam,Rural,Percentage Distribution of Different Sources of Finance From Which Maximum Amount was Financed by the Household for New House/flat*,Own finance,64.8
Assam,Rural,Percentage Distribution of Different Sources of Finance From Which Maximum Amount was Financed by the Household for New House/flat*,Private finance,0.3
Assam,Rural,Percentage Distribution of Different Sources of Finance From Which Maximum Amount was Financed by the Household for New House/flat*,Total,100
Assam,Urban,Percentage Distribution of Different Sources of Finance From Which Maximum Amount was Financed by the Household for New House/flat*,Any other  source,19.7
Assam,Urban,Percentage Distribution of Different Sources of Finance From Which Maximum Amount was Financed by the Household for New House/flat*,Bank,18.9
Assam,Urban,Percentage Distribution of Different Sources of Finance From Which Maximum Amount was Financed by the Household for New House/flat*,Own finance,61.4
Assam,Urban,Percentage Distribution of Different Sources of Finance From Which Maximum Amount was Financed by the Household for New House/flat*,Private finance,0
Assam,Urban,Percentage Distribution of Different Sources of Finance From Which Maximum Amount was Financed by the Household for New House/flat*,Total,100
Assam,All,Percentage Distribution of Different Sources of Finance From Which Maximum Amount was Financed by the Household for New House/flat*,Any other  source,28.9
Assam,All,Percentage Distribution of Different Sources of Finance From Which Maximum Amount was Financed by the Household for New House/flat*,Bank,6.4
Assam,All,Percentage Distribution of Different Sources of Finance From Which Maximum Amount was Financed by the Household for New House/flat*,Own finance,64.4
Assam,All,Percentage Distribution of Different Sources of Finance From Which Maximum Amount was Financed by the Household for New House/flat*,Private finance,0.3
Assam,All,Percentage Distribution of Different Sources of Finance From Which Maximum Amount was Financed by the Household for New House/flat*,Total,100
Bihar,Rural,Percentage Distribution of Different Sources of Finance From Which Maximum Amount was Financed by the Household for New House/flat*,Any other  source,42.1
Bihar,Rural,Percentage Distribution of Different Sources of Finance From Which Maximum Amount was Financed by the Household for New House/flat*,Bank,11.5
Bihar,Rural,Percentage Distribution of Different Sources of Finance From Which Maximum Amount was Financed by the Household for New House/flat*,Own finance,45.1
Bihar,Rural,Percentage Distribution of Different Sources of Finance From Which Maximum Amount was Financed by the Household for New House/flat*,Private finance,1.2
Bihar,Rural,Percentage Distribution of Different Sources of Finance From Which Maximum Amount was Financed by the Household for New House/flat*,Total,100
Bihar,Urban,Percentage Distribution of Different Sources of Finance From Which Maximum Amount was Financed by the Household for New House/flat*,Any other  source,30.9
Bihar,Urban,Percentage Distribution of Different Sources of Finance From Which Maximum Amount was Financed by the Household for New House/flat*,Bank,13.6
Bihar,Urban,Percentage Distribution of Different Sources of Finance From Which Maximum Amount was Financed by the Household for New House/flat*,Own finance,55.4
Bihar,Urban,Percentage Distribution of Different Sources of Finance From Which Maximum Amount was Financed by the Household for New House/flat*,Private finance,0.2
Bihar,Urban,Percentage Distribution of Different Sources of Finance From Which Maximum Amount was Financed by the Household for New House/flat*,Total,100
Bihar,All,Percentage Distribution of Different Sources of Finance From Which Maximum Amount was Financed by the Household for New House/flat*,Any other  source,41
Bihar,All,Percentage Distribution of Different Sources of Finance From Which Maximum Amount was Financed by the Household for New House/flat*,Bank,11.7
Bihar,All,Percentage Distribution of Different Sources of Finance From Which Maximum Amount was Financed by the Household for New House/flat*,Own finance,46.1
Bihar,All,Percentage Distribution of Different Sources of Finance From Which Maximum Amount was Financed by the Household for New House/flat*,Private finance,1.1
Bihar,All,Percentage Distribution of Different Sources of Finance From Which Maximum Amount was Financed by the Household for New House/flat*,Total,100
Chandigarh,Rural,Percentage Distribution of Different Sources of Finance From Which Maximum Amount was Financed by the Household for New House/flat*,Any other  source,0
Chandigarh,Rural,Percentage Distribution of Different Sources of Finance From Which Maximum Amount was Financed by the Household for New House/flat*,Bank,0
Chandigarh,Rural,Percentage Distribution of Different Sources of Finance From Which Maximum Amount was Financed by the Household for New House/flat*,Own finance,100
Chandigarh,Rural,Percentage Distribution of Different Sources of Finance From Which Maximum Amount was Financed by the Household for New House/flat*,Private finance,0
Chandigarh,Rural,Percentage Distribution of Different Sources of Finance From Which Maximum Amount was Financed by the Household for New House/flat*,Total,100
Chandigarh,Urban,Percentage Distribution of Different Sources of Finance From Which Maximum Amount was Financed by the Household for New House/flat*,Any other  source,16.9
Chandigarh,Urban,Percentage Distribution of Different Sources of Finance From Which Maximum Amount was Financed by the Household for New House/flat*,Bank,69.2
Chandigarh,Urban,Percentage Distribution of Different Sources of Finance From Which Maximum Amount was Financed by the Household for New House/flat*,Own finance,7.9
Chandigarh,Urban,Percentage Distribution of Different Sources of Finance From Which Maximum Amount was Financed by the Household for New House/flat*,Private finance,5.9
Chandigarh,Urban,Percentage Distribution of Different Sources of Finance From Which Maximum Amount was Financed by the Household for New House/flat*,Total,100
Chandigarh,All,Percentage Distribution of Different Sources of Finance From Which Maximum Amount was Financed by the Household for New House/flat*,Any other  source,16.8
Chandigarh,All,Percentage Distribution of Different Sources of Finance From Which Maximum Amount was Financed by the Household for New House/flat*,Bank,68.5
Chandigarh,All,Percentage Distribution of Different Sources of Finance From Which Maximum Amount was Financed by the Household for New House/flat*,Own finance,8.9
Chandigarh,All,Percentage Distribution of Different Sources of Finance From Which Maximum Amount was Financed by the Household for New House/flat*,Private finance,5.9
Chandigarh,All,Percentage Distribution of Different Sources of Finance From Which Maximum Amount was Financed by the Household for New House/flat*,Total,100
Chhattisgarh,Rural,Percentage Distribution of Different Sources of Finance From Which Maximum Amount was Financed by the Household for New House/flat*,Any other  source,60.8
Chhattisgarh,Rural,Percentage Distribution of Different Sources of Finance From Which Maximum Amount was Financed by the Household for New House/flat*,Bank,6.1
Chhattisgarh,Rural,Percentage Distribution of Different Sources of Finance From Which Maximum Amount was Financed by the Household for New House/flat*,Own finance,33.1
Chhattisgarh,Rural,Percentage Distribution of Different Sources of Finance From Which Maximum Amount was Financed by the Household for New House/flat*,Private finance,0
Chhattisgarh,Rural,Percentage Distribution of Different Sources of Finance From Which Maximum Amount was Financed by the Household for New House/flat*,Total,100
Chhattisgarh,Urban,Percentage Distribution of Different Sources of Finance From Which Maximum Amount was Financed by the Household for New House/flat*,Any other  source,29.1
Chhattisgarh,Urban,Percentage Distribution of Different Sources of Finance From Which Maximum Amount was Financed by the Household for New House/flat*,Bank,23.7
Chhattisgarh,Urban,Percentage Distribution of Different Sources of Finance From Which Maximum Amount was Financed by the Household for New House/flat*,Own finance,42.6
Chhattisgarh,Urban,Percentage Distribution of Different Sources of Finance From Which Maximum Amount was Financed by the Household for New House/flat*,Private finance,4.6
Chhattisgarh,Urban,Percentage Distribution of Different Sources of Finance From Which Maximum Amount was Financed by the Household for New House/flat*,Total,100
Chhattisgarh,All,Percentage Distribution of Different Sources of Finance From Which Maximum Amount was Financed by the Household for New House/flat*,Any other  source,55.5
Chhattisgarh,All,Percentage Distribution of Different Sources of Finance From Which Maximum Amount was Financed by the Household for New House/flat*,Bank,9
Chhattisgarh,All,Percentage Distribution of Different Sources of Finance From Which Maximum Amount was Financed by the Household for New House/flat*,Own finance,34.7
Chhattisgarh,All,Percentage Distribution of Different Sources of Finance From Which Maximum Amount was Financed by the Household for New House/flat*,Private finance,0.8
Chhattisgarh,All,Percentage Distribution of Different Sources of Finance From Which Maximum Amount was Financed by the Household for New House/flat*,Total,100
Dadra & Nagar Haveli & Daman & Diu,Rural,Percentage Distribution of Different Sources of Finance From Which Maximum Amount was Financed by the Household for New House/flat*,Any other  source,12.7
Dadra & Nagar Haveli & Daman & Diu,Rural,Percentage Distribution of Different Sources of Finance From Which Maximum Amount was Financed by the Household for New House/flat*,Bank,8.6
Dadra & Nagar Haveli & Daman & Diu,Rural,Percentage Distribution of Different Sources of Finance From Which Maximum Amount was Financed by the Household for New House/flat*,Own finance,78.7
Dadra & Nagar Haveli & Daman & Diu,Rural,Percentage Distribution of Different Sources of Finance From Which Maximum Amount was Financed by the Household for New House/flat*,Private finance,0
Dadra & Nagar Haveli & Daman & Diu,Rural,Percentage Distribution of Different Sources of Finance From Which Maximum Amount was Financed by the Household for New House/flat*,Total,100
Dadra & Nagar Haveli & Daman & Diu,Urban,Percentage Distribution of Different Sources of Finance From Which Maximum Amount was Financed by the Household for New House/flat*,Any other  source,5.9
Dadra & Nagar Haveli & Daman & Diu,Urban,Percentage Distribution of Different Sources of Finance From Which Maximum Amount was Financed by the Household for New House/flat*,Bank,0
Dadra & Nagar Haveli & Daman & Diu,Urban,Percentage Distribution of Different Sources of Finance From Which Maximum Amount was Financed by the Household for New House/flat*,Own finance,94.1
Dadra & Nagar Haveli & Daman & Diu,Urban,Percentage Distribution of Different Sources of Finance From Which Maximum Amount was Financed by the Household for New House/flat*,Private finance,0
Dadra & Nagar Haveli & Daman & Diu,Urban,Percentage Distribution of Different Sources of Finance From Which Maximum Amount was Financed by the Household for New House/flat*,Total,100
Dadra & Nagar Haveli & Daman & Diu,All,Percentage Distribution of Different Sources of Finance From Which Maximum Amount was Financed by the Household for New House/flat*,Any other  source,10.3
Dadra & Nagar Haveli & Daman & Diu,All,Percentage Distribution of Different Sources of Finance From Which Maximum Amount was Financed by the Household for New House/flat*,Bank,5.6
Dadra & Nagar Haveli & Daman & Diu,All,Percentage Distribution of Different Sources of Finance From Which Maximum Amount was Financed by the Household for New House/flat*,Own finance,84.1
Dadra & Nagar Haveli & Daman & Diu,All,Percentage Distribution of Different Sources of Finance From Which Maximum Amount was Financed by the Household for New House/flat*,Private finance,0
Dadra & Nagar Haveli & Daman & Diu,All,Percentage Distribution of Different Sources of Finance From Which Maximum Amount was Financed by the Household for New House/flat*,Total,100
Delhi,Rural,Percentage Distribution of Different Sources of Finance From Which Maximum Amount was Financed by the Household for New House/flat*,Any other  source,3.3
Delhi,Rural,Percentage Distribution of Different Sources of Finance From Which Maximum Amount was Financed by the Household for New House/flat*,Bank,0
Delhi,Rural,Percentage Distribution of Different Sources of Finance From Which Maximum Amount was Financed by the Household for New House/flat*,Own finance,96.7
Delhi,Rural,Percentage Distribution of Different Sources of Finance From Which Maximum Amount was Financed by the Household for New House/flat*,Private finance,0
Delhi,Rural,Percentage Distribution of Different Sources of Finance From Which Maximum Amount was Financed by the Household for New House/flat*,Total,100
Delhi,Urban,Percentage Distribution of Different Sources of Finance From Which Maximum Amount was Financed by the Household for New House/flat*,Any other  source,8
Delhi,Urban,Percentage Distribution of Different Sources of Finance From Which Maximum Amount was Financed by the Household for New House/flat*,Bank,9.5
Delhi,Urban,Percentage Distribution of Different Sources of Finance From Which Maximum Amount was Financed by the Household for New House/flat*,Own finance,82
Delhi,Urban,Percentage Distribution of Different Sources of Finance From Which Maximum Amount was Financed by the Household for New House/flat*,Private finance,0.5
Delhi,Urban,Percentage Distribution of Different Sources of Finance From Which Maximum Amount was Financed by the Household for New House/flat*,Total,100
Delhi,All,Percentage Distribution of Different Sources of Finance From Which Maximum Amount was Financed by the Household for New House/flat*,Any other  source,7.8
Delhi,All,Percentage Distribution of Different Sources of Finance From Which Maximum Amount was Financed by the Household for New House/flat*,Bank,9.2
Delhi,All,Percentage Distribution of Different Sources of Finance From Which Maximum Amount was Financed by the Household for New House/flat*,Own finance,82.5
Delhi,All,Percentage Distribution of Different Sources of Finance From Which Maximum Amount was Financed by the Household for New House/flat*,Private finance,0.5
Delhi,All,Percentage Distribution of Different Sources of Finance From Which Maximum Amount was Financed by the Household for New House/flat*,Total,100
Goa,Rural,Percentage Distribution of Different Sources of Finance From Which Maximum Amount was Financed by the Household for New House/flat*,Any other  source,25.5
Goa,Rural,Percentage Distribution of Different Sources of Finance From Which Maximum Amount was Financed by the Household for New House/flat*,Bank,30.7
Goa,Rural,Percentage Distribution of Different Sources of Finance From Which Maximum Amount was Financed by the Household for New House/flat*,Own finance,43.9
Goa,Rural,Percentage Distribution of Different Sources of Finance From Which Maximum Amount was Financed by the Household for New House/flat*,Private finance,0
Goa,Rural,Percentage Distribution of Different Sources of Finance From Which Maximum Amount was Financed by the Household for New House/flat*,Total,100
Goa,Urban,Percentage Distribution of Different Sources of Finance From Which Maximum Amount was Financed by the Household for New House/flat*,Any other  source,8.1
Goa,Urban,Percentage Distribution of Different Sources of Finance From Which Maximum Amount was Financed by the Household for New House/flat*,Bank,82
Goa,Urban,Percentage Distribution of Different Sources of Finance From Which Maximum Amount was Financed by the Household for New House/flat*,Own finance,9.9
Goa,Urban,Percentage Distribution of Different Sources of Finance From Which Maximum Amount was Financed by the Household for New House/flat*,Private finance,0
Goa,Urban,Percentage Distribution of Different Sources of Finance From Which Maximum Amount was Financed by the Household for New House/flat*,Total,100
Goa,All,Percentage Distribution of Different Sources of Finance From Which Maximum Amount was Financed by the Household for New House/flat*,Any other  source,14.7
Goa,All,Percentage Distribution of Different Sources of Finance From Which Maximum Amount was Financed by the Household for New House/flat*,Bank,62.4
Goa,All,Percentage Distribution of Different Sources of Finance From Which Maximum Amount was Financed by the Household for New House/flat*,Own finance,22.9
Goa,All,Percentage Distribution of Different Sources of Finance From Which Maximum Amount was Financed by the Household for New House/flat*,Private finance,0
Goa,All,Percentage Distribution of Different Sources of Finance From Which Maximum Amount was Financed by the Household for New House/flat*,Total,100
Gujarat,Rural,Percentage Distribution of Different Sources of Finance From Which Maximum Amount was Financed by the Household for New House/flat*,Any other  source,24.8
Gujarat,Rural,Percentage Distribution of Different Sources of Finance From Which Maximum Amount was Financed by the Household for New House/flat*,Bank,22.4
Gujarat,Rural,Percentage Distribution of Different Sources of Finance From Which Maximum Amount was Financed by the Household for New House/flat*,Own finance,50.8
Gujarat,Rural,Percentage Distribution of Different Sources of Finance From Which Maximum Amount was Financed by the Household for New House/flat*,Private finance,1.9
Gujarat,Rural,Percentage Distribution of Different Sources of Finance From Which Maximum Amount was Financed by the Household for New House/flat*,Total,100
Gujarat,Urban,Percentage Distribution of Different Sources of Finance From Which Maximum Amount was Financed by the Household for New House/flat*,Any other  source,11.8
Gujarat,Urban,Percentage Distribution of Different Sources of Finance From Which Maximum Amount was Financed by the Household for New House/flat*,Bank,55.6
Gujarat,Urban,Percentage Distribution of Different Sources of Finance From Which Maximum Amount was Financed by the Household for New House/flat*,Own finance,31.3
Gujarat,Urban,Percentage Distribution of Different Sources of Finance From Which Maximum Amount was Financed by the Household for New House/flat*,Private finance,1.3
Gujarat,Urban,Percentage Distribution of Different Sources of Finance From Which Maximum Amount was Financed by the Household for New House/flat*,Total,100
Gujarat,All,Percentage Distribution of Different Sources of Finance From Which Maximum Amount was Financed by the Household for New House/flat*,Any other  source,20
Gujarat,All,Percentage Distribution of Different Sources of Finance From Which Maximum Amount was Financed by the Household for New House/flat*,Bank,34.7
Gujarat,All,Percentage Distribution of Different Sources of Finance From Which Maximum Amount was Financed by the Household for New House/flat*,Own finance,43.6
Gujarat,All,Percentage Distribution of Different Sources of Finance From Which Maximum Amount was Financed by the Household for New House/flat*,Private finance,1.7
Gujarat,All,Percentage Distribution of Different Sources of Finance From Which Maximum Amount was Financed by the Household for New House/flat*,Total,100
Haryana,Rural,Percentage Distribution of Different Sources of Finance From Which Maximum Amount was Financed by the Household for New House/flat*,Any other  source,44.7
Haryana,Rural,Percentage Distribution of Different Sources of Finance From Which Maximum Amount was Financed by the Household for New House/flat*,Bank,7.6
Haryana,Rural,Percentage Distribution of Different Sources of Finance From Which Maximum Amount was Financed by the Household for New House/flat*,Own finance,47.6
Haryana,Rural,Percentage Distribution of Different Sources of Finance From Which Maximum Amount was Financed by the Household for New House/flat*,Private finance,0
Haryana,Rural,Percentage Distribution of Different Sources of Finance From Which Maximum Amount was Financed by the Household for New House/flat*,Total,100
Haryana,Urban,Percentage Distribution of Different Sources of Finance From Which Maximum Amount was Financed by the Household for New House/flat*,Any other  source,14.2
Haryana,Urban,Percentage Distribution of Different Sources of Finance From Which Maximum Amount was Financed by the Household for New House/flat*,Bank,11.8
Haryana,Urban,Percentage Distribution of Different Sources of Finance From Which Maximum Amount was Financed by the Household for New House/flat*,Own finance,73.6
Haryana,Urban,Percentage Distribution of Different Sources of Finance From Which Maximum Amount was Financed by the Household for New House/flat*,Private finance,0.4
Haryana,Urban,Percentage Distribution of Different Sources of Finance From Which Maximum Amount was Financed by the Household for New House/flat*,Total,100
Haryana,All,Percentage Distribution of Different Sources of Finance From Which Maximum Amount was Financed by the Household for New House/flat*,Any other  source,32.3
Haryana,All,Percentage Distribution of Different Sources of Finance From Which Maximum Amount was Financed by the Household for New House/flat*,Bank,9.3
Haryana,All,Percentage Distribution of Different Sources of Finance From Which Maximum Amount was Financed by the Household for New House/flat*,Own finance,58.2
Haryana,All,Percentage Distribution of Different Sources of Finance From Which Maximum Amount was Financed by the Household for New House/flat*,Private finance,0.1
Haryana,All,Percentage Distribution of Different Sources of Finance From Which Maximum Amount was Financed by the Household for New House/flat*,Total,100
Himachal Pradesh,Rural,Percentage Distribution of Different Sources of Finance From Which Maximum Amount was Financed by the Household for New House/flat*,Any other  source,11.7
Himachal Pradesh,Rural,Percentage Distribution of Different Sources of Finance From Which Maximum Amount was Financed by the Household for New House/flat*,Bank,55.5
Himachal Pradesh,Rural,Percentage Distribution of Different Sources of Finance From Which Maximum Amount was Financed by the Household for New House/flat*,Own finance,32.9
Himachal Pradesh,Rural,Percentage Distribution of Different Sources of Finance From Which Maximum Amount was Financed by the Household for New House/flat*,Private finance,0
Himachal Pradesh,Rural,Percentage Distribution of Different Sources of Finance From Which Maximum Amount was Financed by the Household for New House/flat*,Total,100
Himachal Pradesh,Urban,Percentage Distribution of Different Sources of Finance From Which Maximum Amount was Financed by the Household for New House/flat*,Any other  source,5.4
Himachal Pradesh,Urban,Percentage Distribution of Different Sources of Finance From Which Maximum Amount was Financed by the Household for New House/flat*,Bank,52
Himachal Pradesh,Urban,Percentage Distribution of Different Sources of Finance From Which Maximum Amount was Financed by the Household for New House/flat*,Own finance,31.1
Himachal Pradesh,Urban,Percentage Distribution of Different Sources of Finance From Which Maximum Amount was Financed by the Household for New House/flat*,Private finance,11.5
Himachal Pradesh,Urban,Percentage Distribution of Different Sources of Finance From Which Maximum Amount was Financed by the Household for New House/flat*,Total,100
Himachal Pradesh,All,Percentage Distribution of Different Sources of Finance From Which Maximum Amount was Financed by the Household for New House/flat*,Any other  source,11.5
Himachal Pradesh,All,Percentage Distribution of Different Sources of Finance From Which Maximum Amount was Financed by the Household for New House/flat*,Bank,55.3
Himachal Pradesh,All,Percentage Distribution of Different Sources of Finance From Which Maximum Amount was Financed by the Household for New House/flat*,Own finance,32.8
Himachal Pradesh,All,Percentage Distribution of Different Sources of Finance From Which Maximum Amount was Financed by the Household for New House/flat*,Private finance,0.4
Himachal Pradesh,All,Percentage Distribution of Different Sources of Finance From Which Maximum Amount was Financed by the Household for New House/flat*,Total,100
Jammu & Kashmir,Rural,Percentage Distribution of Different Sources of Finance From Which Maximum Amount was Financed by the Household for New House/flat*,Any other  source,14.3
Jammu & Kashmir,Rural,Percentage Distribution of Different Sources of Finance From Which Maximum Amount was Financed by the Household for New House/flat*,Bank,9.8
Jammu & Kashmir,Rural,Percentage Distribution of Different Sources of Finance From Which Maximum Amount was Financed by the Household for New House/flat*,Own finance,73.9
Jammu & Kashmir,Rural,Percentage Distribution of Different Sources of Finance From Which Maximum Amount was Financed by the Household for New House/flat*,Private finance,2.1
Jammu & Kashmir,Rural,Percentage Distribution of Different Sources of Finance From Which Maximum Amount was Financed by the Household for New House/flat*,Total,100
Jammu & Kashmir,Urban,Percentage Distribution of Different Sources of Finance From Which Maximum Amount was Financed by the Household for New House/flat*,Any other  source,5.7
Jammu & Kashmir,Urban,Percentage Distribution of Different Sources of Finance From Which Maximum Amount was Financed by the Household for New House/flat*,Bank,8.7
Jammu & Kashmir,Urban,Percentage Distribution of Different Sources of Finance From Which Maximum Amount was Financed by the Household for New House/flat*,Own finance,85.6
Jammu & Kashmir,Urban,Percentage Distribution of Different Sources of Finance From Which Maximum Amount was Financed by the Household for New House/flat*,Private finance,0
Jammu & Kashmir,Urban,Percentage Distribution of Different Sources of Finance From Which Maximum Amount was Financed by the Household for New House/flat*,Total,100
Jammu & Kashmir,All,Percentage Distribution of Different Sources of Finance From Which Maximum Amount was Financed by the Household for New House/flat*,Any other  source,13
Jammu & Kashmir,All,Percentage Distribution of Different Sources of Finance From Which Maximum Amount was Financed by the Household for New House/flat*,Bank,9.6
Jammu & Kashmir,All,Percentage Distribution of Different Sources of Finance From Which Maximum Amount was Financed by the Household for New House/flat*,Own finance,75.6
Jammu & Kashmir,All,Percentage Distribution of Different Sources of Finance From Which Maximum Amount was Financed by the Household for New House/flat*,Private finance,1.8
Jammu & Kashmir,All,Percentage Distribution of Different Sources of Finance From Which Maximum Amount was Financed by the Household for New House/flat*,Total,100
Jharkhand,Rural,Percentage Distribution of Different Sources of Finance From Which Maximum Amount was Financed by the Household for New House/flat*,Any other  source,61.7
Jharkhand,Rural,Percentage Distribution of Different Sources of Finance From Which Maximum Amount was Financed by the Household for New House/flat*,Bank,6.1
Jharkhand,Rural,Percentage Distribution of Different Sources of Finance From Which Maximum Amount was Financed by the Household for New House/flat*,Own finance,32.2
Jharkhand,Rural,Percentage Distribution of Different Sources of Finance From Which Maximum Amount was Financed by the Household for New House/flat*,Private finance,0.1
Jharkhand,Rural,Percentage Distribution of Different Sources of Finance From Which Maximum Amount was Financed by the Household for New House/flat*,Total,100
Jharkhand,Urban,Percentage Distribution of Different Sources of Finance From Which Maximum Amount was Financed by the Household for New House/flat*,Any other  source,21.2
Jharkhand,Urban,Percentage Distribution of Different Sources of Finance From Which Maximum Amount was Financed by the Household for New House/flat*,Bank,23.6
Jharkhand,Urban,Percentage Distribution of Different Sources of Finance From Which Maximum Amount was Financed by the Household for New House/flat*,Own finance,54.8
Jharkhand,Urban,Percentage Distribution of Different Sources of Finance From Which Maximum Amount was Financed by the Household for New House/flat*,Private finance,0.5
Jharkhand,Urban,Percentage Distribution of Different Sources of Finance From Which Maximum Amount was Financed by the Household for New House/flat*,Total,100
Jharkhand,All,Percentage Distribution of Different Sources of Finance From Which Maximum Amount was Financed by the Household for New House/flat*,Any other  source,55.4
Jharkhand,All,Percentage Distribution of Different Sources of Finance From Which Maximum Amount was Financed by the Household for New House/flat*,Bank,8.8
Jharkhand,All,Percentage Distribution of Different Sources of Finance From Which Maximum Amount was Financed by the Household for New House/flat*,Own finance,35.7
Jharkhand,All,Percentage Distribution of Different Sources of Finance From Which Maximum Amount was Financed by the Household for New House/flat*,Private finance,0.1
Jharkhand,All,Percentage Distribution of Different Sources of Finance From Which Maximum Amount was Financed by the Household for New House/flat*,Total,100
Karnataka,Rural,Percentage Distribution of Different Sources of Finance From Which Maximum Amount was Financed by the Household for New House/flat*,Any other  source,36.4
Karnataka,Rural,Percentage Distribution of Different Sources of Finance From Which Maximum Amount was Financed by the Household for New House/flat*,Bank,39.2
Karnataka,Rural,Percentage Distribution of Different Sources of Finance From Which Maximum Amount was Financed by the Household for New House/flat*,Own finance,22.3
Karnataka,Rural,Percentage Distribution of Different Sources of Finance From Which Maximum Amount was Financed by the Household for New House/flat*,Private finance,2
Karnataka,Rural,Percentage Distribution of Different Sources of Finance From Which Maximum Amount was Financed by the Household for New House/flat*,Total,100
Karnataka,Urban,Percentage Distribution of Different Sources of Finance From Which Maximum Amount was Financed by the Household for New House/flat*,Any other  source,20.4
Karnataka,Urban,Percentage Distribution of Different Sources of Finance From Which Maximum Amount was Financed by the Household for New House/flat*,Bank,59.1
Karnataka,Urban,Percentage Distribution of Different Sources of Finance From Which Maximum Amount was Financed by the Household for New House/flat*,Own finance,19.9
Karnataka,Urban,Percentage Distribution of Different Sources of Finance From Which Maximum Amount was Financed by the Household for New House/flat*,Private finance,0.5
Karnataka,Urban,Percentage Distribution of Different Sources of Finance From Which Maximum Amount was Financed by the Household for New House/flat*,Total,100
Karnataka,All,Percentage Distribution of Different Sources of Finance From Which Maximum Amount was Financed by the Household for New House/flat*,Any other  source,31.5
Karnataka,All,Percentage Distribution of Different Sources of Finance From Which Maximum Amount was Financed by the Household for New House/flat*,Bank,45.3
Karnataka,All,Percentage Distribution of Different Sources of Finance From Which Maximum Amount was Financed by the Household for New House/flat*,Own finance,21.6
Karnataka,All,Percentage Distribution of Different Sources of Finance From Which Maximum Amount was Financed by the Household for New House/flat*,Private finance,1.6
Karnataka,All,Percentage Distribution of Different Sources of Finance From Which Maximum Amount was Financed by the Household for New House/flat*,Total,100
Kerala,Rural,Percentage Distribution of Different Sources of Finance From Which Maximum Amount was Financed by the Household for New House/flat*,Any other  source,16
Kerala,Rural,Percentage Distribution of Different Sources of Finance From Which Maximum Amount was Financed by the Household for New House/flat*,Bank,48.2
Kerala,Rural,Percentage Distribution of Different Sources of Finance From Which Maximum Amount was Financed by the Household for New House/flat*,Own finance,33.7
Kerala,Rural,Percentage Distribution of Different Sources of Finance From Which Maximum Amount was Financed by the Household for New House/flat*,Private finance,2.1
Kerala,Rural,Percentage Distribution of Different Sources of Finance From Which Maximum Amount was Financed by the Household for New House/flat*,Total,100
Kerala,Urban,Percentage Distribution of Different Sources of Finance From Which Maximum Amount was Financed by the Household for New House/flat*,Any other  source,11.5
Kerala,Urban,Percentage Distribution of Different Sources of Finance From Which Maximum Amount was Financed by the Household for New House/flat*,Bank,58.3
Kerala,Urban,Percentage Distribution of Different Sources of Finance From Which Maximum Amount was Financed by the Household for New House/flat*,Own finance,29.7
Kerala,Urban,Percentage Distribution of Different Sources of Finance From Which Maximum Amount was Financed by the Household for New House/flat*,Private finance,0.5
Kerala,Urban,Percentage Distribution of Different Sources of Finance From Which Maximum Amount was Financed by the Household for New House/flat*,Total,100
Kerala,All,Percentage Distribution of Different Sources of Finance From Which Maximum Amount was Financed by the Household for New House/flat*,Any other  source,13.7
Kerala,All,Percentage Distribution of Different Sources of Finance From Which Maximum Amount was Financed by the Household for New House/flat*,Bank,53.4
Kerala,All,Percentage Distribution of Different Sources of Finance From Which Maximum Amount was Financed by the Household for New House/flat*,Own finance,31.6
Kerala,All,Percentage Distribution of Different Sources of Finance From Which Maximum Amount was Financed by the Household for New House/flat*,Private finance,1.3
Kerala,All,Percentage Distribution of Different Sources of Finance From Which Maximum Amount was Financed by the Household for New House/flat*,Total,100
Ladakh,Rural,Percentage Distribution of Different Sources of Finance From Which Maximum Amount was Financed by the Household for New House/flat*,Any other  source,30.8
Ladakh,Rural,Percentage Distribution of Different Sources of Finance From Which Maximum Amount was Financed by the Household for New House/flat*,Bank,0
Ladakh,Rural,Percentage Distribution of Different Sources of Finance From Which Maximum Amount was Financed by the Household for New House/flat*,Own finance,69.2
Ladakh,Rural,Percentage Distribution of Different Sources of Finance From Which Maximum Amount was Financed by the Household for New House/flat*,Private finance,0
Ladakh,Rural,Percentage Distribution of Different Sources of Finance From Which Maximum Amount was Financed by the Household for New House/flat*,Total,100
Ladakh,Urban,Percentage Distribution of Different Sources of Finance From Which Maximum Amount was Financed by the Household for New House/flat*,Any other  source,0
Ladakh,Urban,Percentage Distribution of Different Sources of Finance From Which Maximum Amount was Financed by the Household for New House/flat*,Bank,4.2
Ladakh,Urban,Percentage Distribution of Different Sources of Finance From Which Maximum Amount was Financed by the Household for New House/flat*,Own finance,95.8
Ladakh,Urban,Percentage Distribution of Different Sources of Finance From Which Maximum Amount was Financed by the Household for New House/flat*,Private finance,0
Ladakh,Urban,Percentage Distribution of Different Sources of Finance From Which Maximum Amount was Financed by the Household for New House/flat*,Total,100
Ladakh,All,Percentage Distribution of Different Sources of Finance From Which Maximum Amount was Financed by the Household for New House/flat*,Any other  source,27.2
Ladakh,All,Percentage Distribution of Different Sources of Finance From Which Maximum Amount was Financed by the Household for New House/flat*,Bank,0.5
Ladakh,All,Percentage Distribution of Different Sources of Finance From Which Maximum Amount was Financed by the Household for New House/flat*,Own finance,72.3
Ladakh,All,Percentage Distribution of Different Sources of Finance From Which Maximum Amount was Financed by the Household for New House/flat*,Private finance,0
Ladakh,All,Percentage Distribution of Different Sources of Finance From Which Maximum Amount was Financed by the Household for New House/flat*,Total,100
Lakshadweep,Rural,Percentage Distribution of Different Sources of Finance From Which Maximum Amount was Financed by the Household for New House/flat*,Any other  source,0
Lakshadweep,Rural,Percentage Distribution of Different Sources of Finance From Which Maximum Amount was Financed by the Household for New House/flat*,Bank,0
Lakshadweep,Rural,Percentage Distribution of Different Sources of Finance From Which Maximum Amount was Financed by the Household for New House/flat*,Own finance,100
Lakshadweep,Rural,Percentage Distribution of Different Sources of Finance From Which Maximum Amount was Financed by the Household for New House/flat*,Private finance,0
Lakshadweep,Rural,Percentage Distribution of Different Sources of Finance From Which Maximum Amount was Financed by the Household for New House/flat*,Total,100
Lakshadweep,Urban,Percentage Distribution of Different Sources of Finance From Which Maximum Amount was Financed by the Household for New House/flat*,Any other  source,1.1
Lakshadweep,Urban,Percentage Distribution of Different Sources of Finance From Which Maximum Amount was Financed by the Household for New House/flat*,Bank,20
Lakshadweep,Urban,Percentage Distribution of Different Sources of Finance From Which Maximum Amount was Financed by the Household for New House/flat*,Own finance,79
Lakshadweep,Urban,Percentage Distribution of Different Sources of Finance From Which Maximum Amount was Financed by the Household for New House/flat*,Private finance,0
Lakshadweep,Urban,Percentage Distribution of Different Sources of Finance From Which Maximum Amount was Financed by the Household for New House/flat*,Total,100
Lakshadweep,All,Percentage Distribution of Different Sources of Finance From Which Maximum Amount was Financed by the Household for New House/flat*,Any other  source,0.7
Lakshadweep,All,Percentage Distribution of Different Sources of Finance From Which Maximum Amount was Financed by the Household for New House/flat*,Bank,14.1
Lakshadweep,All,Percentage Distribution of Different Sources of Finance From Which Maximum Amount was Financed by the Household for New House/flat*,Own finance,85.2
Lakshadweep,All,Percentage Distribution of Different Sources of Finance From Which Maximum Amount was Financed by the Household for New House/flat*,Private finance,0
Lakshadweep,All,Percentage Distribution of Different Sources of Finance From Which Maximum Amount was Financed by the Household for New House/flat*,Total,100
Madhya Pradesh,Rural,Percentage Distribution of Different Sources of Finance From Which Maximum Amount was Financed by the Household for New House/flat*,Any other  source,36.9
Madhya Pradesh,Rural,Percentage Distribution of Different Sources of Finance From Which Maximum Amount was Financed by the Household for New House/flat*,Bank,47
Madhya Pradesh,Rural,Percentage Distribution of Different Sources of Finance From Which Maximum Amount was Financed by the Household for New House/flat*,Own finance,16.1
Madhya Pradesh,Rural,Percentage Distribution of Different Sources of Finance From Which Maximum Amount was Financed by the Household for New House/flat*,Private finance,0
Madhya Pradesh,Rural,Percentage Distribution of Different Sources of Finance From Which Maximum Amount was Financed by the Household for New House/flat*,Total,100
Madhya Pradesh,Urban,Percentage Distribution of Different Sources of Finance From Which Maximum Amount was Financed by the Household for New House/flat*,Any other  source,27.4
Madhya Pradesh,Urban,Percentage Distribution of Different Sources of Finance From Which Maximum Amount was Financed by the Household for New House/flat*,Bank,44.1
Madhya Pradesh,Urban,Percentage Distribution of Different Sources of Finance From Which Maximum Amount was Financed by the Household for New House/flat*,Own finance,28.2
Madhya Pradesh,Urban,Percentage Distribution of Different Sources of Finance From Which Maximum Amount was Financed by the Household for New House/flat*,Private finance,0.3
Madhya Pradesh,Urban,Percentage Distribution of Different Sources of Finance From Which Maximum Amount was Financed by the Household for New House/flat*,Total,100
Madhya Pradesh,All,Percentage Distribution of Different Sources of Finance From Which Maximum Amount was Financed by the Household for New House/flat*,Any other  source,34.4
Madhya Pradesh,All,Percentage Distribution of Different Sources of Finance From Which Maximum Amount was Financed by the Household for New House/flat*,Bank,46.2
Madhya Pradesh,All,Percentage Distribution of Different Sources of Finance From Which Maximum Amount was Financed by the Household for New House/flat*,Own finance,19.3
Madhya Pradesh,All,Percentage Distribution of Different Sources of Finance From Which Maximum Amount was Financed by the Household for New House/flat*,Private finance,0.1
Madhya Pradesh,All,Percentage Distribution of Different Sources of Finance From Which Maximum Amount was Financed by the Household for New House/flat*,Total,100
Maharashtra,Rural,Percentage Distribution of Different Sources of Finance From Which Maximum Amount was Financed by the Household for New House/flat*,Any other  source,26.1
Maharashtra,Rural,Percentage Distribution of Different Sources of Finance From Which Maximum Amount was Financed by the Household for New House/flat*,Bank,31.4
Maharashtra,Rural,Percentage Distribution of Different Sources of Finance From Which Maximum Amount was Financed by the Household for New House/flat*,Own finance,40.3
Maharashtra,Rural,Percentage Distribution of Different Sources of Finance From Which Maximum Amount was Financed by the Household for New House/flat*,Private finance,2.1
Maharashtra,Rural,Percentage Distribution of Different Sources of Finance From Which Maximum Amount was Financed by the Household for New House/flat*,Total,100
Maharashtra,Urban,Percentage Distribution of Different Sources of Finance From Which Maximum Amount was Financed by the Household for New House/flat*,Any other  source,12.3
Maharashtra,Urban,Percentage Distribution of Different Sources of Finance From Which Maximum Amount was Financed by the Household for New House/flat*,Bank,46.1
Maharashtra,Urban,Percentage Distribution of Different Sources of Finance From Which Maximum Amount was Financed by the Household for New House/flat*,Own finance,39
Maharashtra,Urban,Percentage Distribution of Different Sources of Finance From Which Maximum Amount was Financed by the Household for New House/flat*,Private finance,2.5
Maharashtra,Urban,Percentage Distribution of Different Sources of Finance From Which Maximum Amount was Financed by the Household for New House/flat*,Total,100
Maharashtra,All,Percentage Distribution of Different Sources of Finance From Which Maximum Amount was Financed by the Household for New House/flat*,Any other  source,21
Maharashtra,All,Percentage Distribution of Different Sources of Finance From Which Maximum Amount was Financed by the Household for New House/flat*,Bank,36.9
Maharashtra,All,Percentage Distribution of Different Sources of Finance From Which Maximum Amount was Financed by the Household for New House/flat*,Own finance,39.9
Maharashtra,All,Percentage Distribution of Different Sources of Finance From Which Maximum Amount was Financed by the Household for New House/flat*,Private finance,2.3
Maharashtra,All,Percentage Distribution of Different Sources of Finance From Which Maximum Amount was Financed by the Household for New House/flat*,Total,100
Manipur,Rural,Percentage Distribution of Different Sources of Finance From Which Maximum Amount was Financed by the Household for New House/flat*,Any other  source,5.6
Manipur,Rural,Percentage Distribution of Different Sources of Finance From Which Maximum Amount was Financed by the Household for New House/flat*,Bank,4.9
Manipur,Rural,Percentage Distribution of Different Sources of Finance From Which Maximum Amount was Financed by the Household for New House/flat*,Own finance,88.9
Manipur,Rural,Percentage Distribution of Different Sources of Finance From Which Maximum Amount was Financed by the Household for New House/flat*,Private finance,0.5
Manipur,Rural,Percentage Distribution of Different Sources of Finance From Which Maximum Amount was Financed by the Household for New House/flat*,Total,100
Manipur,Urban,Percentage Distribution of Different Sources of Finance From Which Maximum Amount was Financed by the Household for New House/flat*,Any other  source,8.1
Manipur,Urban,Percentage Distribution of Different Sources of Finance From Which Maximum Amount was Financed by the Household for New House/flat*,Bank,7.5
Manipur,Urban,Percentage Distribution of Different Sources of Finance From Which Maximum Amount was Financed by the Household for New House/flat*,Own finance,83.3
Manipur,Urban,Percentage Distribution of Different Sources of Finance From Which Maximum Amount was Financed by the Household for New House/flat*,Private finance,1.1
Manipur,Urban,Percentage Distribution of Different Sources of Finance From Which Maximum Amount was Financed by the Household for New House/flat*,Total,100
Manipur,All,Percentage Distribution of Different Sources of Finance From Which Maximum Amount was Financed by the Household for New House/flat*,Any other  source,6.3
Manipur,All,Percentage Distribution of Different Sources of Finance From Which Maximum Amount was Financed by the Household for New House/flat*,Bank,5.6
Manipur,All,Percentage Distribution of Different Sources of Finance From Which Maximum Amount was Financed by the Household for New House/flat*,Own finance,87.4
Manipur,All,Percentage Distribution of Different Sources of Finance From Which Maximum Amount was Financed by the Household for New House/flat*,Private finance,0.7
Manipur,All,Percentage Distribution of Different Sources of Finance From Which Maximum Amount was Financed by the Household for New House/flat*,Total,100
Meghalaya,Rural,Percentage Distribution of Different Sources of Finance From Which Maximum Amount was Financed by the Household for New House/flat*,Any other  source,11.2
Meghalaya,Rural,Percentage Distribution of Different Sources of Finance From Which Maximum Amount was Financed by the Household for New House/flat*,Bank,11.6
Meghalaya,Rural,Percentage Distribution of Different Sources of Finance From Which Maximum Amount was Financed by the Household for New House/flat*,Own finance,77.3
Meghalaya,Rural,Percentage Distribution of Different Sources of Finance From Which Maximum Amount was Financed by the Household for New House/flat*,Private finance,0
Meghalaya,Rural,Percentage Distribution of Different Sources of Finance From Which Maximum Amount was Financed by the Household for New House/flat*,Total,100
Meghalaya,Urban,Percentage Distribution of Different Sources of Finance From Which Maximum Amount was Financed by the Household for New House/flat*,Any other  source,4.3
Meghalaya,Urban,Percentage Distribution of Different Sources of Finance From Which Maximum Amount was Financed by the Household for New House/flat*,Bank,27.1
Meghalaya,Urban,Percentage Distribution of Different Sources of Finance From Which Maximum Amount was Financed by the Household for New House/flat*,Own finance,68.6
Meghalaya,Urban,Percentage Distribution of Different Sources of Finance From Which Maximum Amount was Financed by the Household for New House/flat*,Private finance,0
Meghalaya,Urban,Percentage Distribution of Different Sources of Finance From Which Maximum Amount was Financed by the Household for New House/flat*,Total,100
Meghalaya,All,Percentage Distribution of Different Sources of Finance From Which Maximum Amount was Financed by the Household for New House/flat*,Any other  source,10.7
Meghalaya,All,Percentage Distribution of Different Sources of Finance From Which Maximum Amount was Financed by the Household for New House/flat*,Bank,12.6
Meghalaya,All,Percentage Distribution of Different Sources of Finance From Which Maximum Amount was Financed by the Household for New House/flat*,Own finance,76.7
Meghalaya,All,Percentage Distribution of Different Sources of Finance From Which Maximum Amount was Financed by the Household for New House/flat*,Private finance,0
Meghalaya,All,Percentage Distribution of Different Sources of Finance From Which Maximum Amount was Financed by the Household for New House/flat*,Total,100
Mizoram,Rural,Percentage Distribution of Different Sources of Finance From Which Maximum Amount was Financed by the Household for New House/flat*,Any other  source,30.5
Mizoram,Rural,Percentage Distribution of Different Sources of Finance From Which Maximum Amount was Financed by the Household for New House/flat*,Bank,17.6
Mizoram,Rural,Percentage Distribution of Different Sources of Finance From Which Maximum Amount was Financed by the Household for New House/flat*,Own finance,51.3
Mizoram,Rural,Percentage Distribution of Different Sources of Finance From Which Maximum Amount was Financed by the Household for New House/flat*,Private finance,0.6
Mizoram,Rural,Percentage Distribution of Different Sources of Finance From Which Maximum Amount was Financed by the Household for New House/flat*,Total,100
Mizoram,Urban,Percentage Distribution of Different Sources of Finance From Which Maximum Amount was Financed by the Household for New House/flat*,Any other  source,2.4
Mizoram,Urban,Percentage Distribution of Different Sources of Finance From Which Maximum Amount was Financed by the Household for New House/flat*,Bank,62.2
Mizoram,Urban,Percentage Distribution of Different Sources of Finance From Which Maximum Amount was Financed by the Household for New House/flat*,Own finance,34
Mizoram,Urban,Percentage Distribution of Different Sources of Finance From Which Maximum Amount was Financed by the Household for New House/flat*,Private finance,1.4
Mizoram,Urban,Percentage Distribution of Different Sources of Finance From Which Maximum Amount was Financed by the Household for New House/flat*,Total,100
Mizoram,All,Percentage Distribution of Different Sources of Finance From Which Maximum Amount was Financed by the Household for New House/flat*,Any other  source,17.6
Mizoram,All,Percentage Distribution of Different Sources of Finance From Which Maximum Amount was Financed by the Household for New House/flat*,Bank,38.1
Mizoram,All,Percentage Distribution of Different Sources of Finance From Which Maximum Amount was Financed by the Household for New House/flat*,Own finance,43.4
Mizoram,All,Percentage Distribution of Different Sources of Finance From Which Maximum Amount was Financed by the Household for New House/flat*,Private finance,0.9
Mizoram,All,Percentage Distribution of Different Sources of Finance From Which Maximum Amount was Financed by the Household for New House/flat*,Total,100
Nagaland,Rural,Percentage Distribution of Different Sources of Finance From Which Maximum Amount was Financed by the Household for New House/flat*,Any other  source,16.1
Nagaland,Rural,Percentage Distribution of Different Sources of Finance From Which Maximum Amount was Financed by the Household for New House/flat*,Bank,6.4
Nagaland,Rural,Percentage Distribution of Different Sources of Finance From Which Maximum Amount was Financed by the Household for New House/flat*,Own finance,76.8
Nagaland,Rural,Percentage Distribution of Different Sources of Finance From Which Maximum Amount was Financed by the Household for New House/flat*,Private finance,0.7
Nagaland,Rural,Percentage Distribution of Different Sources of Finance From Which Maximum Amount was Financed by the Household for New House/flat*,Total,100
Nagaland,Urban,Percentage Distribution of Different Sources of Finance From Which Maximum Amount was Financed by the Household for New House/flat*,Any other  source,10.8
Nagaland,Urban,Percentage Distribution of Different Sources of Finance From Which Maximum Amount was Financed by the Household for New House/flat*,Bank,19.7
Nagaland,Urban,Percentage Distribution of Different Sources of Finance From Which Maximum Amount was Financed by the Household for New House/flat*,Own finance,67.9
Nagaland,Urban,Percentage Distribution of Different Sources of Finance From Which Maximum Amount was Financed by the Household for New House/flat*,Private finance,1.6
Nagaland,Urban,Percentage Distribution of Different Sources of Finance From Which Maximum Amount was Financed by the Household for New House/flat*,Total,100
Nagaland,All,Percentage Distribution of Different Sources of Finance From Which Maximum Amount was Financed by the Household for New House/flat*,Any other  source,14.9
Nagaland,All,Percentage Distribution of Different Sources of Finance From Which Maximum Amount was Financed by the Household for New House/flat*,Bank,9.4
Nagaland,All,Percentage Distribution of Different Sources of Finance From Which Maximum Amount was Financed by the Household for New House/flat*,Own finance,74.8
Nagaland,All,Percentage Distribution of Different Sources of Finance From Which Maximum Amount was Financed by the Household for New House/flat*,Private finance,0.9
Nagaland,All,Percentage Distribution of Different Sources of Finance From Which Maximum Amount was Financed by the Household for New House/flat*,Total,100
Odisha,Rural,Percentage Distribution of Different Sources of Finance From Which Maximum Amount was Financed by the Household for New House/flat*,Any other  source,44.1
Odisha,Rural,Percentage Distribution of Different Sources of Finance From Which Maximum Amount was Financed by the Household for New House/flat*,Bank,34.2
Odisha,Rural,Percentage Distribution of Different Sources of Finance From Which Maximum Amount was Financed by the Household for New House/flat*,Own finance,20.3
Odisha,Rural,Percentage Distribution of Different Sources of Finance From Which Maximum Amount was Financed by the Household for New House/flat*,Private finance,1.3
Odisha,Rural,Percentage Distribution of Different Sources of Finance From Which Maximum Amount was Financed by the Household for New House/flat*,Total,100
Odisha,Urban,Percentage Distribution of Different Sources of Finance From Which Maximum Amount was Financed by the Household for New House/flat*,Any other  source,38.3
Odisha,Urban,Percentage Distribution of Different Sources of Finance From Which Maximum Amount was Financed by the Household for New House/flat*,Bank,23.7
Odisha,Urban,Percentage Distribution of Different Sources of Finance From Which Maximum Amount was Financed by the Household for New House/flat*,Own finance,36.3
Odisha,Urban,Percentage Distribution of Different Sources of Finance From Which Maximum Amount was Financed by the Household for New House/flat*,Private finance,1.7
Odisha,Urban,Percentage Distribution of Different Sources of Finance From Which Maximum Amount was Financed by the Household for New House/flat*,Total,100
Odisha,All,Percentage Distribution of Different Sources of Finance From Which Maximum Amount was Financed by the Household for New House/flat*,Any other  source,43.4
Odisha,All,Percentage Distribution of Different Sources of Finance From Which Maximum Amount was Financed by the Household for New House/flat*,Bank,32.8
Odisha,All,Percentage Distribution of Different Sources of Finance From Which Maximum Amount was Financed by the Household for New House/flat*,Own finance,22.4
Odisha,All,Percentage Distribution of Different Sources of Finance From Which Maximum Amount was Financed by the Household for New House/flat*,Private finance,1.4
Odisha,All,Percentage Distribution of Different Sources of Finance From Which Maximum Amount was Financed by the Household for New House/flat*,Total,100
Puducherry,Rural,Percentage Distribution of Different Sources of Finance From Which Maximum Amount was Financed by the Household for New House/flat*,Any other  source,64.9
Puducherry,Rural,Percentage Distribution of Different Sources of Finance From Which Maximum Amount was Financed by the Household for New House/flat*,Bank,23.2
Puducherry,Rural,Percentage Distribution of Different Sources of Finance From Which Maximum Amount was Financed by the Household for New House/flat*,Own finance,11.9
Puducherry,Rural,Percentage Distribution of Different Sources of Finance From Which Maximum Amount was Financed by the Household for New House/flat*,Private finance,0
Puducherry,Rural,Percentage Distribution of Different Sources of Finance From Which Maximum Amount was Financed by the Household for New House/flat*,Total,100
Puducherry,Urban,Percentage Distribution of Different Sources of Finance From Which Maximum Amount was Financed by the Household for New House/flat*,Any other  source,31.7
Puducherry,Urban,Percentage Distribution of Different Sources of Finance From Which Maximum Amount was Financed by the Household for New House/flat*,Bank,39.2
Puducherry,Urban,Percentage Distribution of Different Sources of Finance From Which Maximum Amount was Financed by the Household for New House/flat*,Own finance,28.6
Puducherry,Urban,Percentage Distribution of Different Sources of Finance From Which Maximum Amount was Financed by the Household for New House/flat*,Private finance,0.4
Puducherry,Urban,Percentage Distribution of Different Sources of Finance From Which Maximum Amount was Financed by the Household for New House/flat*,Total,100
Puducherry,All,Percentage Distribution of Different Sources of Finance From Which Maximum Amount was Financed by the Household for New House/flat*,Any other  source,42.6
Puducherry,All,Percentage Distribution of Different Sources of Finance From Which Maximum Amount was Financed by the Household for New House/flat*,Bank,33.9
Puducherry,All,Percentage Distribution of Different Sources of Finance From Which Maximum Amount was Financed by the Household for New House/flat*,Own finance,23.1
Puducherry,All,Percentage Distribution of Different Sources of Finance From Which Maximum Amount was Financed by the Household for New House/flat*,Private finance,0.3
Puducherry,All,Percentage Distribution of Different Sources of Finance From Which Maximum Amount was Financed by the Household for New House/flat*,Total,100
Punjab,Rural,Percentage Distribution of Different Sources of Finance From Which Maximum Amount was Financed by the Household for New House/flat*,Any other  source,38
Punjab,Rural,Percentage Distribution of Different Sources of Finance From Which Maximum Amount was Financed by the Household for New House/flat*,Bank,11
Punjab,Rural,Percentage Distribution of Different Sources of Finance From Which Maximum Amount was Financed by the Household for New House/flat*,Own finance,48.4
Punjab,Rural,Percentage Distribution of Different Sources of Finance From Which Maximum Amount was Financed by the Household for New House/flat*,Private finance,2.7
Punjab,Rural,Percentage Distribution of Different Sources of Finance From Which Maximum Amount was Financed by the Household for New House/flat*,Total,100
Punjab,Urban,Percentage Distribution of Different Sources of Finance From Which Maximum Amount was Financed by the Household for New House/flat*,Any other  source,41.4
Punjab,Urban,Percentage Distribution of Different Sources of Finance From Which Maximum Amount was Financed by the Household for New House/flat*,Bank,14.2
Punjab,Urban,Percentage Distribution of Different Sources of Finance From Which Maximum Amount was Financed by the Household for New House/flat*,Own finance,39.6
Punjab,Urban,Percentage Distribution of Different Sources of Finance From Which Maximum Amount was Financed by the Household for New House/flat*,Private finance,4.8
Punjab,Urban,Percentage Distribution of Different Sources of Finance From Which Maximum Amount was Financed by the Household for New House/flat*,Total,100
Punjab,All,Percentage Distribution of Different Sources of Finance From Which Maximum Amount was Financed by the Household for New House/flat*,Any other  source,39.2
Punjab,All,Percentage Distribution of Different Sources of Finance From Which Maximum Amount was Financed by the Household for New House/flat*,Bank,12.2
Punjab,All,Percentage Distribution of Different Sources of Finance From Which Maximum Amount was Financed by the Household for New House/flat*,Own finance,45.1
Punjab,All,Percentage Distribution of Different Sources of Finance From Which Maximum Amount was Financed by the Household for New House/flat*,Private finance,3.5
Punjab,All,Percentage Distribution of Different Sources of Finance From Which Maximum Amount was Financed by the Household for New House/flat*,Total,100
Rajasthan,Rural,Percentage Distribution of Different Sources of Finance From Which Maximum Amount was Financed by the Household for New House/flat*,Any other  source,51.1
Rajasthan,Rural,Percentage Distribution of Different Sources of Finance From Which Maximum Amount was Financed by the Household for New House/flat*,Bank,13.8
Rajasthan,Rural,Percentage Distribution of Different Sources of Finance From Which Maximum Amount was Financed by the Household for New House/flat*,Own finance,34.8
Rajasthan,Rural,Percentage Distribution of Different Sources of Finance From Which Maximum Amount was Financed by the Household for New House/flat*,Private finance,0.3
Rajasthan,Rural,Percentage Distribution of Different Sources of Finance From Which Maximum Amount was Financed by the Household for New House/flat*,Total,100
Rajasthan,Urban,Percentage Distribution of Different Sources of Finance From Which Maximum Amount was Financed by the Household for New House/flat*,Any other  source,30
Rajasthan,Urban,Percentage Distribution of Different Sources of Finance From Which Maximum Amount was Financed by the Household for New House/flat*,Bank,30.6
Rajasthan,Urban,Percentage Distribution of Different Sources of Finance From Which Maximum Amount was Financed by the Household for New House/flat*,Own finance,39.1
Rajasthan,Urban,Percentage Distribution of Different Sources of Finance From Which Maximum Amount was Financed by the Household for New House/flat*,Private finance,0.3
Rajasthan,Urban,Percentage Distribution of Different Sources of Finance From Which Maximum Amount was Financed by the Household for New House/flat*,Total,100
Rajasthan,All,Percentage Distribution of Different Sources of Finance From Which Maximum Amount was Financed by the Household for New House/flat*,Any other  source,48.1
Rajasthan,All,Percentage Distribution of Different Sources of Finance From Which Maximum Amount was Financed by the Household for New House/flat*,Bank,16.2
Rajasthan,All,Percentage Distribution of Different Sources of Finance From Which Maximum Amount was Financed by the Household for New House/flat*,Own finance,35.4
Rajasthan,All,Percentage Distribution of Different Sources of Finance From Which Maximum Amount was Financed by the Household for New House/flat*,Private finance,0.3
Rajasthan,All,Percentage Distribution of Different Sources of Finance From Which Maximum Amount was Financed by the Household for New House/flat*,Total,100
Sikkim,Rural,Percentage Distribution of Different Sources of Finance From Which Maximum Amount was Financed by the Household for New House/flat*,Any other  source,22.3
Sikkim,Rural,Percentage Distribution of Different Sources of Finance From Which Maximum Amount was Financed by the Household for New House/flat*,Bank,33.5
Sikkim,Rural,Percentage Distribution of Different Sources of Finance From Which Maximum Amount was Financed by the Household for New House/flat*,Own finance,44.3
Sikkim,Rural,Percentage Distribution of Different Sources of Finance From Which Maximum Amount was Financed by the Household for New House/flat*,Private finance,0
Sikkim,Rural,Percentage Distribution of Different Sources of Finance From Which Maximum Amount was Financed by the Household for New House/flat*,Total,100
Sikkim,Urban,Percentage Distribution of Different Sources of Finance From Which Maximum Amount was Financed by the Household for New House/flat*,Any other  source,2.1
Sikkim,Urban,Percentage Distribution of Different Sources of Finance From Which Maximum Amount was Financed by the Household for New House/flat*,Bank,42.5
Sikkim,Urban,Percentage Distribution of Different Sources of Finance From Which Maximum Amount was Financed by the Household for New House/flat*,Own finance,55.4
Sikkim,Urban,Percentage Distribution of Different Sources of Finance From Which Maximum Amount was Financed by the Household for New House/flat*,Private finance,0
Sikkim,Urban,Percentage Distribution of Different Sources of Finance From Which Maximum Amount was Financed by the Household for New House/flat*,Total,100
Sikkim,All,Percentage Distribution of Different Sources of Finance From Which Maximum Amount was Financed by the Household for New House/flat*,Any other  source,18.1
Sikkim,All,Percentage Distribution of Different Sources of Finance From Which Maximum Amount was Financed by the Household for New House/flat*,Bank,35.4
Sikkim,All,Percentage Distribution of Different Sources of Finance From Which Maximum Amount was Financed by the Household for New House/flat*,Own finance,46.6
Sikkim,All,Percentage Distribution of Different Sources of Finance From Which Maximum Amount was Financed by the Household for New House/flat*,Private finance,0
Sikkim,All,Percentage Distribution of Different Sources of Finance From Which Maximum Amount was Financed by the Household for New House/flat*,Total,100
Tamil Nadu,Rural,Percentage Distribution of Different Sources of Finance From Which Maximum Amount was Financed by the Household for New House/flat*,Any other  source,33.5
Tamil Nadu,Rural,Percentage Distribution of Different Sources of Finance From Which Maximum Amount was Financed by the Household for New House/flat*,Bank,40.6
Tamil Nadu,Rural,Percentage Distribution of Different Sources of Finance From Which Maximum Amount was Financed by the Household for New House/flat*,Own finance,23.8
Tamil Nadu,Rural,Percentage Distribution of Different Sources of Finance From Which Maximum Amount was Financed by the Household for New House/flat*,Private finance,2.1
Tamil Nadu,Rural,Percentage Distribution of Different Sources of Finance From Which Maximum Amount was Financed by the Household for New House/flat*,Total,100
Tamil Nadu,Urban,Percentage Distribution of Different Sources of Finance From Which Maximum Amount was Financed by the Household for New House/flat*,Any other  source,14
Tamil Nadu,Urban,Percentage Distribution of Different Sources of Finance From Which Maximum Amount was Financed by the Household for New House/flat*,Bank,63.1
Tamil Nadu,Urban,Percentage Distribution of Different Sources of Finance From Which Maximum Amount was Financed by the Household for New House/flat*,Own finance,21.1
Tamil Nadu,Urban,Percentage Distribution of Different Sources of Finance From Which Maximum Amount was Financed by the Household for New House/flat*,Private finance,1.8
Tamil Nadu,Urban,Percentage Distribution of Different Sources of Finance From Which Maximum Amount was Financed by the Household for New House/flat*,Total,100
Tamil Nadu,All,Percentage Distribution of Different Sources of Finance From Which Maximum Amount was Financed by the Household for New House/flat*,Any other  source,25.8
Tamil Nadu,All,Percentage Distribution of Different Sources of Finance From Which Maximum Amount was Financed by the Household for New House/flat*,Bank,49.5
Tamil Nadu,All,Percentage Distribution of Different Sources of Finance From Which Maximum Amount was Financed by the Household for New House/flat*,Own finance,22.7
Tamil Nadu,All,Percentage Distribution of Different Sources of Finance From Which Maximum Amount was Financed by the Household for New House/flat*,Private finance,2
Tamil Nadu,All,Percentage Distribution of Different Sources of Finance From Which Maximum Amount was Financed by the Household for New House/flat*,Total,100
Telangana,Rural,Percentage Distribution of Different Sources of Finance From Which Maximum Amount was Financed by the Household for New House/flat*,Any other  source,66.4
Telangana,Rural,Percentage Distribution of Different Sources of Finance From Which Maximum Amount was Financed by the Household for New House/flat*,Bank,7.5
Telangana,Rural,Percentage Distribution of Different Sources of Finance From Which Maximum Amount was Financed by the Household for New House/flat*,Own finance,25.5
Telangana,Rural,Percentage Distribution of Different Sources of Finance From Which Maximum Amount was Financed by the Household for New House/flat*,Private finance,0.6
Telangana,Rural,Percentage Distribution of Different Sources of Finance From Which Maximum Amount was Financed by the Household for New House/flat*,Total,100
Telangana,Urban,Percentage Distribution of Different Sources of Finance From Which Maximum Amount was Financed by the Household for New House/flat*,Any other  source,30.9
Telangana,Urban,Percentage Distribution of Different Sources of Finance From Which Maximum Amount was Financed by the Household for New House/flat*,Bank,49.1
Telangana,Urban,Percentage Distribution of Different Sources of Finance From Which Maximum Amount was Financed by the Household for New House/flat*,Own finance,19.1
Telangana,Urban,Percentage Distribution of Different Sources of Finance From Which Maximum Amount was Financed by the Household for New House/flat*,Private finance,0.9
Telangana,Urban,Percentage Distribution of Different Sources of Finance From Which Maximum Amount was Financed by the Household for New House/flat*,Total,100
Telangana,All,Percentage Distribution of Different Sources of Finance From Which Maximum Amount was Financed by the Household for New House/flat*,Any other  source,54.6
Telangana,All,Percentage Distribution of Different Sources of Finance From Which Maximum Amount was Financed by the Household for New House/flat*,Bank,21.2
Telangana,All,Percentage Distribution of Different Sources of Finance From Which Maximum Amount was Financed by the Household for New House/flat*,Own finance,23.4
Telangana,All,Percentage Distribution of Different Sources of Finance From Which Maximum Amount was Financed by the Household for New House/flat*,Private finance,0.7
Telangana,All,Percentage Distribution of Different Sources of Finance From Which Maximum Amount was Financed by the Household for New House/flat*,Total,100
Tripura,Rural,Percentage Distribution of Different Sources of Finance From Which Maximum Amount was Financed by the Household for New House/flat*,Any other  source,33.5
Tripura,Rural,Percentage Distribution of Different Sources of Finance From Which Maximum Amount was Financed by the Household for New House/flat*,Bank,9.4
Tripura,Rural,Percentage Distribution of Different Sources of Finance From Which Maximum Amount was Financed by the Household for New House/flat*,Own finance,53.9
Tripura,Rural,Percentage Distribution of Different Sources of Finance From Which Maximum Amount was Financed by the Household for New House/flat*,Private finance,3.2
Tripura,Rural,Percentage Distribution of Different Sources of Finance From Which Maximum Amount was Financed by the Household for New House/flat*,Total,100
Tripura,Urban,Percentage Distribution of Different Sources of Finance From Which Maximum Amount was Financed by the Household for New House/flat*,Any other  source,33.4
Tripura,Urban,Percentage Distribution of Different Sources of Finance From Which Maximum Amount was Financed by the Household for New House/flat*,Bank,13.2
Tripura,Urban,Percentage Distribution of Different Sources of Finance From Which Maximum Amount was Financed by the Household for New House/flat*,Own finance,48.3
Tripura,Urban,Percentage Distribution of Different Sources of Finance From Which Maximum Amount was Financed by the Household for New House/flat*,Private finance,5.1
Tripura,Urban,Percentage Distribution of Different Sources of Finance From Which Maximum Amount was Financed by the Household for New House/flat*,Total,100
Tripura,All,Percentage Distribution of Different Sources of Finance From Which Maximum Amount was Financed by the Household for New House/flat*,Any other  source,33.5
Tripura,All,Percentage Distribution of Different Sources of Finance From Which Maximum Amount was Financed by the Household for New House/flat*,Bank,10.6
Tripura,All,Percentage Distribution of Different Sources of Finance From Which Maximum Amount was Financed by the Household for New House/flat*,Own finance,52.1
Tripura,All,Percentage Distribution of Different Sources of Finance From Which Maximum Amount was Financed by the Household for New House/flat*,Private finance,3.8
Tripura,All,Percentage Distribution of Different Sources of Finance From Which Maximum Amount was Financed by the Household for New House/flat*,Total,100
Uttarakhand,Rural,Percentage Distribution of Different Sources of Finance From Which Maximum Amount was Financed by the Household for New House/flat*,Any other  source,50.9
Uttarakhand,Rural,Percentage Distribution of Different Sources of Finance From Which Maximum Amount was Financed by the Household for New House/flat*,Bank,4.2
Uttarakhand,Rural,Percentage Distribution of Different Sources of Finance From Which Maximum Amount was Financed by the Household for New House/flat*,Own finance,44.9
Uttarakhand,Rural,Percentage Distribution of Different Sources of Finance From Which Maximum Amount was Financed by the Household for New House/flat*,Private finance,0
Uttarakhand,Rural,Percentage Distribution of Different Sources of Finance From Which Maximum Amount was Financed by the Household for New House/flat*,Total,100
Uttarakhand,Urban,Percentage Distribution of Different Sources of Finance From Which Maximum Amount was Financed by the Household for New House/flat*,Any other  source,55.6
Uttarakhand,Urban,Percentage Distribution of Different Sources of Finance From Which Maximum Amount was Financed by the Household for New House/flat*,Bank,26.8
Uttarakhand,Urban,Percentage Distribution of Different Sources of Finance From Which Maximum Amount was Financed by the Household for New House/flat*,Own finance,17.6
Uttarakhand,Urban,Percentage Distribution of Different Sources of Finance From Which Maximum Amount was Financed by the Household for New House/flat*,Private finance,0
Uttarakhand,Urban,Percentage Distribution of Different Sources of Finance From Which Maximum Amount was Financed by the Household for New House/flat*,Total,100
Uttarakhand,All,Percentage Distribution of Different Sources of Finance From Which Maximum Amount was Financed by the Household for New House/flat*,Any other  source,52.2
Uttarakhand,All,Percentage Distribution of Different Sources of Finance From Which Maximum Amount was Financed by the Household for New House/flat*,Bank,10.3
Uttarakhand,All,Percentage Distribution of Different Sources of Finance From Which Maximum Amount was Financed by the Household for New House/flat*,Own finance,37.5
Uttarakhand,All,Percentage Distribution of Different Sources of Finance From Which Maximum Amount was Financed by the Household for New House/flat*,Private finance,0
Uttarakhand,All,Percentage Distribution of Different Sources of Finance From Which Maximum Amount was Financed by the Household for New House/flat*,Total,100
Uttar Pradesh,Rural,Percentage Distribution of Different Sources of Finance From Which Maximum Amount was Financed by the Household for New House/flat*,Any other  source,43.5
Uttar Pradesh,Rural,Percentage Distribution of Different Sources of Finance From Which Maximum Amount was Financed by the Household for New House/flat*,Bank,9.1
Uttar Pradesh,Rural,Percentage Distribution of Different Sources of Finance From Which Maximum Amount was Financed by the Household for New House/flat*,Own finance,47
Uttar Pradesh,Rural,Percentage Distribution of Different Sources of Finance From Which Maximum Amount was Financed by the Household for New House/flat*,Private finance,0.5
Uttar Pradesh,Rural,Percentage Distribution of Different Sources of Finance From Which Maximum Amount was Financed by the Household for New House/flat*,Total,100
Uttar Pradesh,Urban,Percentage Distribution of Different Sources of Finance From Which Maximum Amount was Financed by the Household for New House/flat*,Any other  source,28.3
Uttar Pradesh,Urban,Percentage Distribution of Different Sources of Finance From Which Maximum Amount was Financed by the Household for New House/flat*,Bank,25.7
Uttar Pradesh,Urban,Percentage Distribution of Different Sources of Finance From Which Maximum Amount was Financed by the Household for New House/flat*,Own finance,43.6
Uttar Pradesh,Urban,Percentage Distribution of Different Sources of Finance From Which Maximum Amount was Financed by the Household for New House/flat*,Private finance,2.4
Uttar Pradesh,Urban,Percentage Distribution of Different Sources of Finance From Which Maximum Amount was Financed by the Household for New House/flat*,Total,100
Uttar Pradesh,All,Percentage Distribution of Different Sources of Finance From Which Maximum Amount was Financed by the Household for New House/flat*,Any other  source,40.6
Uttar Pradesh,All,Percentage Distribution of Different Sources of Finance From Which Maximum Amount was Financed by the Household for New House/flat*,Bank,12.2
Uttar Pradesh,All,Percentage Distribution of Different Sources of Finance From Which Maximum Amount was Financed by the Household for New House/flat*,Own finance,46.4
Uttar Pradesh,All,Percentage Distribution of Different Sources of Finance From Which Maximum Amount was Financed by the Household for New House/flat*,Private finance,0.8
Uttar Pradesh,All,Percentage Distribution of Different Sources of Finance From Which Maximum Amount was Financed by the Household for New House/flat*,Total,100
West Bengal,Rural,Percentage Distribution of Different Sources of Finance From Which Maximum Amount was Financed by the Household for New House/flat*,Any other  source,37.8
West Bengal,Rural,Percentage Distribution of Different Sources of Finance From Which Maximum Amount was Financed by the Household for New House/flat*,Bank,18.4
West Bengal,Rural,Percentage Distribution of Different Sources of Finance From Which Maximum Amount was Financed by the Household for New House/flat*,Own finance,42.7
West Bengal,Rural,Percentage Distribution of Different Sources of Finance From Which Maximum Amount was Financed by the Household for New House/flat*,Private finance,1.1
West Bengal,Rural,Percentage Distribution of Different Sources of Finance From Which Maximum Amount was Financed by the Household for New House/flat*,Total,100
West Bengal,Urban,Percentage Distribution of Different Sources of Finance From Which Maximum Amount was Financed by the Household for New House/flat*,Any other  source,28.5
West Bengal,Urban,Percentage Distribution of Different Sources of Finance From Which Maximum Amount was Financed by the Household for New House/flat*,Bank,20.4
West Bengal,Urban,Percentage Distribution of Different Sources of Finance From Which Maximum Amount was Financed by the Household for New House/flat*,Own finance,46
West Bengal,Urban,Percentage Distribution of Different Sources of Finance From Which Maximum Amount was Financed by the Household for New House/flat*,Private finance,5.1
West Bengal,Urban,Percentage Distribution of Different Sources of Finance From Which Maximum Amount was Financed by the Household for New House/flat*,Total,100
West Bengal,All,Percentage Distribution of Different Sources of Finance From Which Maximum Amount was Financed by the Household for New House/flat*,Any other  source,35.3
West Bengal,All,Percentage Distribution of Different Sources of Finance From Which Maximum Amount was Financed by the Household for New House/flat*,Bank,18.9
West Bengal,All,Percentage Distribution of Different Sources of Finance From Which Maximum Amount was Financed by the Household for New House/flat*,Own finance,43.6
West Bengal,All,Percentage Distribution of Different Sources of Finance From Which Maximum Amount was Financed by the Household for New House/flat*,Private finance,2.2
West Bengal,All,Percentage Distribution of Different Sources of Finance From Which Maximum Amount was Financed by the Household for New House/flat*,Total,100
